{"mtx": [[4359.39697265625, 0.0, 2078.334716796875], [0.0, 4366.69580078125, 1468.527099609375], [0.0, 0.0, 1.0]], "dist": [[-0.37236300110816956, 0.17325730621814728, -0.009575053118169308, -0.011367980390787125, -0.18216925859451294]], "tvecs": [[-9476.460800730425], [-1564.631608918155], [23182.06472451103]], "rvecs": [[0.30208336376850653], [-2.441891967305594], [1.6346525642920327]]}