{"mtx": [[2095.501708984375, 0.0, 1897.275634765625], [0.0, 2106.010498046875, 1151.39404296875], [0.0, 0.0, 1.0]], "dist": [[-0.33825576305389404, 0.12135034054517746, 0.0010079897474497557, 0.0011211438104510307, -0.019551880657672882]], "tvecs": [[-6867.035714868755], [-3749.101093930093], [24504.37475016797]], "rvecs": [[1.1766648202258183], [-2.037797708118], [1.5030033668396736]]}