{"mtx": [[2078.0703718989125, 0.0, 1946.604176181301], [0.0, 2073.6024074372485, 1201.5256035243012], [0.0, 0.0, 1.0]], "dist": [[-0.3220696124706172, 0.10639169555862117, -0.002042411604460586, -0.0018164567522046646, -0.01580880868147406]], "tvecs": [[-938.4185180664062], [-210.0382537841797], [19418.685546875]], "rvecs": [[0.016147218644618988], [2.546968460083008], [-1.7685179710388184]]}