{"mtx": [[5639.290799194106, 0.0, 1816.8124509763904], [0.0, 5644.739427189734, 757.8151172682919], [0.0, 0.0, 1.0]], "dist": [[-0.3640828864556903, 0.24771772764842517, 0.0043208869789440685, 0.0006147031101019412, -0.49907736723551865]], "tvecs": [[7922.06103515625], [-260.5303649902344], [24049.44140625]], "rvecs": [[1.7490662336349487], [-0.7360826134681702], [0.5704466700553894]]}