{"mtx": [[5071.912176655922, 0.0, 1682.3534680923576], [0.0, 5128.929244669832, 693.2852460601932], [0.0, 0.0, 1.0]], "dist": [[-0.44831380453683045, 0.6957460525392535, 0.010161996261190957, 0.0011200474852205943, -1.1518797006719992]], "tvecs": [[11076.4912109375], [2038.08544921875], [23346.53515625]], "rvecs": [[0.5737698078155518], [2.109697103500366], [-1.5345325469970703]]}