{"mtx": [[3865.95703125, 0.0, 1888.15380859375], [0.0, 3863.390380859375, 1135.5667724609375], [0.0, 0.0, 1.0]], "dist": [[-0.3468073010444641, 0.115861676633358, 0.0010838716989383101, -0.0012500049779191613, 0.02909725345671177]], "tvecs": [[-1463.5382592705864], [-2375.976286475501], [23369.00220453303]], "rvecs": [[1.5034636699075041], [1.46262783446548], [-0.9208994204122853]]}