{"mtx": [[2173.5537109375, 0.0, 1868.0675048828125], [0.0, 2170.629150390625, 1145.7308349609375], [0.0, 0.0, 1.0]], "dist": [[-0.3432418704032898, 0.12295880913734436, 0.0007858253666199744, -2.870848766178824e-05, -0.02035941556096077]], "tvecs": [[173.4377751516677], [577.7123909854793], [13004.872340486423]], "rvecs": [[2.089303053842704], [0.022141896671862185], [-0.01534053542350401]]}