{"mtx": [[5451.139807762658, 0.0, 1952.4373508621386], [0.0, 5430.840149566485, 998.2808398264165], [0.0, 0.0, 1.0]], "dist": [[-0.4096950181676401, 0.6014397786998664, 0.0023158985972363743, 0.0027277127035446698, -1.607452192119029]], "tvecs": [[-9037.171875], [-1635.510498046875], [23446.484375]], "rvecs": [[1.703099012374878], [0.792527437210083], [-0.4426633417606354]]}