{"mtx": [[4121.16796875, 0.0, 1949.921142578125], [0.0, 4186.3271484375, 962.635009765625], [0.0, 0.0, 1.0]], "dist": [[-0.3854108452796936, 0.37648752331733704, 0.012863414362072945, -0.0023844237439334393, -0.46211883425712585]], "tvecs": [[7124.644010856349], [1638.451615286721], [23036.478648304932]], "rvecs": [[0.2611140621840413], [2.247671182198544], [-1.6979424342704588]]}