{"mtx": [[4125.4619140625, 0.0, 2021.1961669921875], [0.0, 4134.2939453125, 1350.7569580078125], [0.0, 0.0, 1.0]], "dist": [[-0.35084670782089233, 0.2012050300836563, 0.0010094575118273497, -0.002841267501935363, -0.1319330632686615]], "tvecs": [[-1382.789144081704], [-24.338887848577393], [25492.59121962905]], "rvecs": [[1.3814165226746622], [-1.4265099590770045], [1.1274996118770424]]}